Overall HA Full-length Titer Log2,Overall HA Stalk Titer Log2,HA Full-length Titer Log2 Day 0,HA Stalk Titer Log2 Day 0,HA Full-length Titer Log2 Day 28,HA Stalk Titer Log2 Day 28,Shedders HA Full-length Titer Log2 Day 0 vs 28,Shedders HA Stalk Titer Log2 Day 0 vs 28,Nonshedders HA Full-length Titer Log2 Day 0 vs 28,Nonshedders HA Stalk Titer Log2 Day 0 vs 28
-0.3954517766106176,0.27138006098407147,-2.2890723621070657,-1.7381591946966826,2.2492069313977705,2.5707962690887505,-6.091037079596943,-5.564316589645343,-2.1089422512776035,-1.740899719773677
0.693904750075127,0.7870098423223492,0.028742471506640187,0.09162229184448205,0.03156484053238058,0.015007718116456424,8.167042850961347e-07,3.084963994260854e-06,0.04345920508535246,0.09194998068323726
